"metric","exceptional_mean","non_exceptional_mean","exceptional_median","non_exceptional_median"
"Rating",8.46637149028078,6.53580735180908,8.34,6.45
"elite_obs_count_90",1.83585313174946,0.49355273287144,2,0
"elite_obs_count_95",1.26349892008639,0.207274826789838,1,0
"Shots",2.50539956803456,0.736335642802155,2,0
"ShotsOT",1.30885529157667,0.220458044649731,1,0
"KeyPasses",1.792656587473,0.537625096227868,1,0
"PassAccuracy",77.8693304535637,75.3908198614319,80.4,80
"AerialsWon",1.66090712742981,0.969303310238645,1,0
"Touches",61.2203023758099,41.2155504234026,57,38
