"broad_position","n","mean_rating","sd_rating","mean_minutes","share_exceptional_overall_2sd","share_exceptional_within_position_2sd"
"DEF",7989,6.73013017899612,0.628942016538076,83.1371886343723,0.0168982350732257,0.0329202653648767
"FWD",2869,6.92090972464273,0.834397185426078,77.0428720808644,0.0805158591843848,0.0432206343673754
"GK",1499,6.65170780520347,0.777712157728997,89.0547031354236,0.0260173448965977,0.0260173448965977
"MID",4772,6.8461462699078,0.734215729436121,77.6341156747695,0.0546940486169321,0.0454735959765298
"UNK",258,6.38523255813953,0.46028850725236,40.1124031007752,0,0.0542635658914729
