"source_file","n","mean_rating","sd_rating","threshold_2sd","n_exceptional_tournament_2sd","share_exceptional_tournament_2sd"
"AfricaNations2023_cleaned.csv",1600,6.54010625,0.613536117776144,7.76717848555229,65,0.040625
"CopaAmerica2024_cleaned.csv",1010,6.6069702970297,0.669673329167828,7.94631695536536,40,0.0396039603960396
"Euros2024_cleaned.csv",1589,6.59237885462555,0.607727944366289,7.80783474335813,64,0.0402769037130271
"WEuros2025_cleaned.csv",971,6.62324407826982,0.735284558951446,8.09381319617272,47,0.0484037075180227
"WomenWC2023_cleaned.csv",1902,6.68873291272345,0.770872916438298,8.23047874560005,79,0.0415352260778128
"WorldCup2018_cleaned.csv",1788,6.68630872483222,0.690799573053491,8.0679078709392,76,0.0425055928411633
"WorldCup2022_cleaned.csv",1995,6.57608020050125,0.656184660373502,7.88844952124826,92,0.0461152882205514
