"result","mean","median","count"
"draw",6.7874016563147,6.71,3864
"loss",6.38680654029808,6.35,6911
"win",7.19078493647913,7.1,6612
